# kind	commit	bench	measured	ms
gcc-O0	-	c0e4bd4887ff071a15fdc02939c41cc20fcf578e	2026-08-23T08:58:32+00:00	4162
gcc-O1	-	c0e4bd4887ff071a15fdc02939c41cc20fcf578e	2026-08-23T08:59:33+00:00	10301
clang-O0	-	c0e4bd4887ff071a15fdc02939c41cc20fcf578e	2026-08-23T08:59:48+00:00	2405
clang-O1	-	c0e4bd4887ff071a15fdc02939c41cc20fcf578e	2026-08-23T09:01:11+00:00	13870
rat-O0	06a663b00fc0ef8963ea6efbcd5315b4c4a519c6	c0e4bd4887ff071a15fdc02939c41cc20fcf578e	2026-08-23T09:01:13+00:00	0
rat-O1	06a663b00fc0ef8963ea6efbcd5315b4c4a519c6	c0e4bd4887ff071a15fdc02939c41cc20fcf578e	2026-08-23T09:01:13+00:00	0
rat-O0	434f2e0fd319c523aa68741fa6e86cbc9719a481	c0e4bd4887ff071a15fdc02939c41cc20fcf578e	2026-08-23T09:01:15+00:00	0
rat-O1	434f2e0fd319c523aa68741fa6e86cbc9719a481	c0e4bd4887ff071a15fdc02939c41cc20fcf578e	2026-08-23T09:01:15+00:00	0
rat-O0	7bcb3c0e690305be3f1d35005ad4a3adea16faf4	c0e4bd4887ff071a15fdc02939c41cc20fcf578e	2026-08-23T09:01:18+00:00	0
rat-O1	7bcb3c0e690305be3f1d35005ad4a3adea16faf4	c0e4bd4887ff071a15fdc02939c41cc20fcf578e	2026-08-23T09:01:18+00:00	0
rat-O0	ba9048b36d5538070d3bfd3dcb80fe45124e9eba	c0e4bd4887ff071a15fdc02939c41cc20fcf578e	2026-08-23T09:01:20+00:00	0
rat-O1	ba9048b36d5538070d3bfd3dcb80fe45124e9eba	c0e4bd4887ff071a15fdc02939c41cc20fcf578e	2026-08-23T09:01:20+00:00	0
rat-O0	78640d801c568149e7b5b4ca9c9df8bb4a28321e	c0e4bd4887ff071a15fdc02939c41cc20fcf578e	2026-08-23T09:01:22+00:00	0
rat-O1	78640d801c568149e7b5b4ca9c9df8bb4a28321e	c0e4bd4887ff071a15fdc02939c41cc20fcf578e	2026-08-23T09:01:22+00:00	0
rat-O0	8c00e4a9ee2dbeab496dc7ce95d736c64ee452fd	c0e4bd4887ff071a15fdc02939c41cc20fcf578e	2026-08-23T09:01:35+00:00	0
rat-O1	8c00e4a9ee2dbeab496dc7ce95d736c64ee452fd	c0e4bd4887ff071a15fdc02939c41cc20fcf578e	2026-08-23T09:01:45+00:00	0
rat-O0	61479767bc69e8b558597835bf49f1c503af7f0c	c0e4bd4887ff071a15fdc02939c41cc20fcf578e	2026-08-23T09:01:58+00:00	0
rat-O1	61479767bc69e8b558597835bf49f1c503af7f0c	c0e4bd4887ff071a15fdc02939c41cc20fcf578e	2026-08-23T09:02:08+00:00	0
rat-O0	2cea9cc5b2479385d6c9bd723d44229885fb29e7	c0e4bd4887ff071a15fdc02939c41cc20fcf578e	2026-08-23T09:02:21+00:00	0
rat-O1	2cea9cc5b2479385d6c9bd723d44229885fb29e7	c0e4bd4887ff071a15fdc02939c41cc20fcf578e	2026-08-23T09:02:31+00:00	0
rat-O0	489278373cd57ef28c27387a1d49791afc7056c2	c0e4bd4887ff071a15fdc02939c41cc20fcf578e	2026-08-23T09:02:44+00:00	0
rat-O1	489278373cd57ef28c27387a1d49791afc7056c2	c0e4bd4887ff071a15fdc02939c41cc20fcf578e	2026-08-23T09:02:54+00:00	0
rat-O0	c710ba5d6e95c4a68a9c66c14f7ce2abbe506984	c0e4bd4887ff071a15fdc02939c41cc20fcf578e	2026-08-23T09:03:07+00:00	0
rat-O1	c710ba5d6e95c4a68a9c66c14f7ce2abbe506984	c0e4bd4887ff071a15fdc02939c41cc20fcf578e	2026-08-23T09:03:17+00:00	0
rat-O0	349343a7566fa42a510609b183804c46d8a9c468	c0e4bd4887ff071a15fdc02939c41cc20fcf578e	2026-08-23T09:03:30+00:00	0
rat-O1	349343a7566fa42a510609b183804c46d8a9c468	c0e4bd4887ff071a15fdc02939c41cc20fcf578e	2026-08-23T09:03:40+00:00	0
rat-O0	8b4bb15af8da771385cdbd41900e2d7d3d1ef457	c0e4bd4887ff071a15fdc02939c41cc20fcf578e	2026-08-23T09:03:53+00:00	0
rat-O1	8b4bb15af8da771385cdbd41900e2d7d3d1ef457	c0e4bd4887ff071a15fdc02939c41cc20fcf578e	2026-08-23T09:04:02+00:00	0
rat-O0	0c877001ba53164a972886e11cfc7d1aba89f1da	c0e4bd4887ff071a15fdc02939c41cc20fcf578e	2026-08-23T09:04:15+00:00	0
rat-O1	0c877001ba53164a972886e11cfc7d1aba89f1da	c0e4bd4887ff071a15fdc02939c41cc20fcf578e	2026-08-23T09:04:25+00:00	0
rat-O0	56db772d8f62d8145416ac2c15c52d2ca70176ba	c0e4bd4887ff071a15fdc02939c41cc20fcf578e	2026-08-23T09:04:38+00:00	0
rat-O1	56db772d8f62d8145416ac2c15c52d2ca70176ba	c0e4bd4887ff071a15fdc02939c41cc20fcf578e	2026-08-23T09:04:48+00:00	0
rat-O0	1ed8e79c6d518e6f638e97869c1d931ee8cad5a2	c0e4bd4887ff071a15fdc02939c41cc20fcf578e	2026-08-23T09:04:50+00:00	0
rat-O1	1ed8e79c6d518e6f638e97869c1d931ee8cad5a2	c0e4bd4887ff071a15fdc02939c41cc20fcf578e	2026-08-23T09:04:50+00:00	0
rat-O0	146121a4afee8e7a489d627b48f64495af30e5cd	c0e4bd4887ff071a15fdc02939c41cc20fcf578e	2026-08-23T09:05:02+00:00	0
rat-O1	146121a4afee8e7a489d627b48f64495af30e5cd	c0e4bd4887ff071a15fdc02939c41cc20fcf578e	2026-08-23T09:05:10+00:00	0
rat-O0	99d907ca45396df7663ae2eff0c7988ec1e8c520	c0e4bd4887ff071a15fdc02939c41cc20fcf578e	2026-08-23T09:05:22+00:00	0
rat-O1	99d907ca45396df7663ae2eff0c7988ec1e8c520	c0e4bd4887ff071a15fdc02939c41cc20fcf578e	2026-08-23T09:05:31+00:00	0
rat-O0	0c0e8b2858e152389de56629f78488b0c589ff9c	c0e4bd4887ff071a15fdc02939c41cc20fcf578e	2026-08-23T09:05:43+00:00	0
rat-O1	0c0e8b2858e152389de56629f78488b0c589ff9c	c0e4bd4887ff071a15fdc02939c41cc20fcf578e	2026-08-23T09:05:51+00:00	0
rat-O0	2c35e60c2969ac6583002ded31053dbbaa8eac36	c0e4bd4887ff071a15fdc02939c41cc20fcf578e	2026-08-23T09:06:03+00:00	0
rat-O1	2c35e60c2969ac6583002ded31053dbbaa8eac36	c0e4bd4887ff071a15fdc02939c41cc20fcf578e	2026-08-23T09:06:12+00:00	0
rat-O0	effe1483dc653dab081cc41c59ab14325528fc0b	c0e4bd4887ff071a15fdc02939c41cc20fcf578e	2026-08-23T09:06:24+00:00	0
rat-O1	effe1483dc653dab081cc41c59ab14325528fc0b	c0e4bd4887ff071a15fdc02939c41cc20fcf578e	2026-08-23T09:06:32+00:00	0
rat-O0	b1122130ffd4fa93478ea8f9ea15d38e1675d462	c0e4bd4887ff071a15fdc02939c41cc20fcf578e	2026-08-23T09:06:44+00:00	0
rat-O1	b1122130ffd4fa93478ea8f9ea15d38e1675d462	c0e4bd4887ff071a15fdc02939c41cc20fcf578e	2026-08-23T09:06:53+00:00	0
rat-O0	4caaafaf28fc6337e50d524f47c8bccc53c950b4	c0e4bd4887ff071a15fdc02939c41cc20fcf578e	2026-08-23T09:07:05+00:00	0
rat-O1	4caaafaf28fc6337e50d524f47c8bccc53c950b4	c0e4bd4887ff071a15fdc02939c41cc20fcf578e	2026-08-23T09:07:13+00:00	0
rat-O0	e7dc3748730b7005e0a22b6670009b94c96719a1	c0e4bd4887ff071a15fdc02939c41cc20fcf578e	2026-08-23T09:07:25+00:00	0
rat-O1	e7dc3748730b7005e0a22b6670009b94c96719a1	c0e4bd4887ff071a15fdc02939c41cc20fcf578e	2026-08-23T09:07:33+00:00	0
rat-O0	a8f5e76eb3b5b70c70c5a251fb831c85bbb69bea	c0e4bd4887ff071a15fdc02939c41cc20fcf578e	2026-08-23T09:07:45+00:00	0
rat-O1	a8f5e76eb3b5b70c70c5a251fb831c85bbb69bea	c0e4bd4887ff071a15fdc02939c41cc20fcf578e	2026-08-23T09:07:53+00:00	0
rat-O0	bcc85d98753d744089b03bb43f07ed65624d8f17	c0e4bd4887ff071a15fdc02939c41cc20fcf578e	2026-08-23T09:08:05+00:00	0
rat-O1	bcc85d98753d744089b03bb43f07ed65624d8f17	c0e4bd4887ff071a15fdc02939c41cc20fcf578e	2026-08-23T09:08:13+00:00	0
rat-O0	9c5a1c6754796ac7ebb60b73a07c1b2316244b89	c0e4bd4887ff071a15fdc02939c41cc20fcf578e	2026-08-23T09:08:25+00:00	0
rat-O1	9c5a1c6754796ac7ebb60b73a07c1b2316244b89	c0e4bd4887ff071a15fdc02939c41cc20fcf578e	2026-08-23T09:08:33+00:00	0
rat-O0	00bfcac4fafb497087a223496e10e1ee812f8c4e	c0e4bd4887ff071a15fdc02939c41cc20fcf578e	2026-08-23T09:08:45+00:00	0
rat-O1	00bfcac4fafb497087a223496e10e1ee812f8c4e	c0e4bd4887ff071a15fdc02939c41cc20fcf578e	2026-08-23T09:08:53+00:00	0
rat-O0	5122e46f102a1dc32f8ba5aece1623d0e78156ce	c0e4bd4887ff071a15fdc02939c41cc20fcf578e	2026-08-23T09:09:04+00:00	0
rat-O1	5122e46f102a1dc32f8ba5aece1623d0e78156ce	c0e4bd4887ff071a15fdc02939c41cc20fcf578e	2026-08-23T09:09:12+00:00	0
rat-O0	970c920111b43572d6b91e99076fd7cf752f1384	c0e4bd4887ff071a15fdc02939c41cc20fcf578e	2026-08-23T09:09:24+00:00	0
rat-O1	970c920111b43572d6b91e99076fd7cf752f1384	c0e4bd4887ff071a15fdc02939c41cc20fcf578e	2026-08-23T09:09:32+00:00	0
rat-O0	d2949e7089bdb7123cd91420b1e42bb65a388a12	c0e4bd4887ff071a15fdc02939c41cc20fcf578e	2026-08-23T09:09:44+00:00	0
rat-O1	d2949e7089bdb7123cd91420b1e42bb65a388a12	c0e4bd4887ff071a15fdc02939c41cc20fcf578e	2026-08-23T09:09:52+00:00	0
rat-O0	3d34c344e464bc87722bd4330b4da80f3c75db3e	c0e4bd4887ff071a15fdc02939c41cc20fcf578e	2026-08-23T09:10:04+00:00	0
rat-O1	3d34c344e464bc87722bd4330b4da80f3c75db3e	c0e4bd4887ff071a15fdc02939c41cc20fcf578e	2026-08-23T09:10:12+00:00	0
rat-O0	a999f1489a03bbbd580d294ede90563a1bd21005	c0e4bd4887ff071a15fdc02939c41cc20fcf578e	2026-08-23T09:10:24+00:00	0
rat-O1	a999f1489a03bbbd580d294ede90563a1bd21005	c0e4bd4887ff071a15fdc02939c41cc20fcf578e	2026-08-23T09:10:32+00:00	0
rat-O0	f48938ba5445370b6e7a737fed531e94f05a87e1	c0e4bd4887ff071a15fdc02939c41cc20fcf578e	2026-08-23T09:10:44+00:00	0
rat-O1	f48938ba5445370b6e7a737fed531e94f05a87e1	c0e4bd4887ff071a15fdc02939c41cc20fcf578e	2026-08-23T09:10:52+00:00	0
rat-O0	5b34018f1351e1aa25d9da8497d8dffe30f59a12	c0e4bd4887ff071a15fdc02939c41cc20fcf578e	2026-08-23T09:11:04+00:00	0
rat-O1	5b34018f1351e1aa25d9da8497d8dffe30f59a12	c0e4bd4887ff071a15fdc02939c41cc20fcf578e	2026-08-23T09:11:12+00:00	0
rat-O0	7c8a971dd25ed8a7d7d6ee1b880b5def5936c731	c0e4bd4887ff071a15fdc02939c41cc20fcf578e	2026-08-23T09:11:24+00:00	0
rat-O1	7c8a971dd25ed8a7d7d6ee1b880b5def5936c731	c0e4bd4887ff071a15fdc02939c41cc20fcf578e	2026-08-23T09:11:32+00:00	0
rat-O0	f3e5d68d4531fdb040013496dd69984b264ee50a	c0e4bd4887ff071a15fdc02939c41cc20fcf578e	2026-08-23T09:11:44+00:00	0
rat-O1	f3e5d68d4531fdb040013496dd69984b264ee50a	c0e4bd4887ff071a15fdc02939c41cc20fcf578e	2026-08-23T09:11:52+00:00	0
rat-O0	a636846e6258072d302dd2ab1ed8b498c4e94fdb	c0e4bd4887ff071a15fdc02939c41cc20fcf578e	2026-08-23T09:12:04+00:00	0
rat-O1	a636846e6258072d302dd2ab1ed8b498c4e94fdb	c0e4bd4887ff071a15fdc02939c41cc20fcf578e	2026-08-23T09:12:05+00:00	0
rat-O0	19a7045b1e0885dbe205341d242d7d7e8621d4ee	c0e4bd4887ff071a15fdc02939c41cc20fcf578e	2026-08-23T09:12:17+00:00	0
rat-O1	19a7045b1e0885dbe205341d242d7d7e8621d4ee	c0e4bd4887ff071a15fdc02939c41cc20fcf578e	2026-08-23T09:12:19+00:00	0
rat-O0	7212fc5e44f317dd2ffe89fc9085130ca6c48acf	c0e4bd4887ff071a15fdc02939c41cc20fcf578e	2026-08-23T09:12:30+00:00	0
rat-O1	7212fc5e44f317dd2ffe89fc9085130ca6c48acf	c0e4bd4887ff071a15fdc02939c41cc20fcf578e	2026-08-23T09:12:32+00:00	0
rat-O0	a44f89ed8e5d104316b7f82b4bec5f15b14bcfb0	c0e4bd4887ff071a15fdc02939c41cc20fcf578e	2026-08-23T09:12:50+00:00	0
rat-O1	a44f89ed8e5d104316b7f82b4bec5f15b14bcfb0	c0e4bd4887ff071a15fdc02939c41cc20fcf578e	2026-08-23T09:12:59+00:00	0
rat-O0	383ae14eff2475657b0acb727b10849348a1c25a	c0e4bd4887ff071a15fdc02939c41cc20fcf578e	2026-08-23T09:13:17+00:00	0
rat-O1	383ae14eff2475657b0acb727b10849348a1c25a	c0e4bd4887ff071a15fdc02939c41cc20fcf578e	2026-08-23T09:13:25+00:00	0
rat-O0	e930213925ee97c66a19574389691f1cb97919b9	c0e4bd4887ff071a15fdc02939c41cc20fcf578e	2026-08-23T09:13:44+00:00	0
rat-O1	e930213925ee97c66a19574389691f1cb97919b9	c0e4bd4887ff071a15fdc02939c41cc20fcf578e	2026-08-23T09:13:52+00:00	0
rat-O0	3951f9bc039b7d883206a8012f570754d14a3f8a	c0e4bd4887ff071a15fdc02939c41cc20fcf578e	2026-08-23T09:14:10+00:00	0
rat-O1	3951f9bc039b7d883206a8012f570754d14a3f8a	c0e4bd4887ff071a15fdc02939c41cc20fcf578e	2026-08-23T09:14:18+00:00	0
rat-O0	2cf21c38b0e042ecffb5217d63f694afb85b374e	c0e4bd4887ff071a15fdc02939c41cc20fcf578e	2026-08-23T09:14:37+00:00	0
rat-O1	2cf21c38b0e042ecffb5217d63f694afb85b374e	c0e4bd4887ff071a15fdc02939c41cc20fcf578e	2026-08-23T09:14:45+00:00	0
rat-O0	6edce7fa502f90ff04e1b78e780232194a172e8d	c0e4bd4887ff071a15fdc02939c41cc20fcf578e	2026-08-23T09:15:41+00:00	7675
rat-O1	6edce7fa502f90ff04e1b78e780232194a172e8d	c0e4bd4887ff071a15fdc02939c41cc20fcf578e	2026-08-23T09:16:25+00:00	7318
rat-O0	86323b39851d9e5c40eb892a5a6aa61100af329c	c0e4bd4887ff071a15fdc02939c41cc20fcf578e	2026-08-23T09:17:21+00:00	7660
rat-O1	86323b39851d9e5c40eb892a5a6aa61100af329c	c0e4bd4887ff071a15fdc02939c41cc20fcf578e	2026-08-23T09:18:05+00:00	7341
rat-O0	2da94eba0e3324196710af3bb4a75056dbad4569	c0e4bd4887ff071a15fdc02939c41cc20fcf578e	2026-08-23T09:19:00+00:00	7647
rat-O1	2da94eba0e3324196710af3bb4a75056dbad4569	c0e4bd4887ff071a15fdc02939c41cc20fcf578e	2026-08-23T09:19:44+00:00	7286
rat-O0	439d1442929e0dd9f0c7ee00fed33de5892cc375	c0e4bd4887ff071a15fdc02939c41cc20fcf578e	2026-08-23T09:20:41+00:00	7593
rat-O1	439d1442929e0dd9f0c7ee00fed33de5892cc375	c0e4bd4887ff071a15fdc02939c41cc20fcf578e	2026-08-23T09:21:24+00:00	7281
rat-O0	6f5e15d5c37b1f9acefb490ded4cdd118966a1da	c0e4bd4887ff071a15fdc02939c41cc20fcf578e	2026-08-23T09:21:40+00:00	0
rat-O1	6f5e15d5c37b1f9acefb490ded4cdd118966a1da	c0e4bd4887ff071a15fdc02939c41cc20fcf578e	2026-08-23T09:21:46+00:00	0
rat-O0	3a608bc555788dcd9aa4a1ec565ca9b3c1bb2d66	c0e4bd4887ff071a15fdc02939c41cc20fcf578e	2026-08-23T09:22:02+00:00	0
rat-O1	3a608bc555788dcd9aa4a1ec565ca9b3c1bb2d66	c0e4bd4887ff071a15fdc02939c41cc20fcf578e	2026-08-23T09:22:09+00:00	0
rat-O0	88957b94d45293378f677ae413110ddbebccdf2e	c0e4bd4887ff071a15fdc02939c41cc20fcf578e	2026-08-23T09:22:24+00:00	0
rat-O1	88957b94d45293378f677ae413110ddbebccdf2e	c0e4bd4887ff071a15fdc02939c41cc20fcf578e	2026-08-23T09:22:31+00:00	0
rat-O0	cc88f54a247c655a5e45c522d8c88c77f7815dbb	c0e4bd4887ff071a15fdc02939c41cc20fcf578e	2026-08-23T09:23:26+00:00	7613
rat-O1	cc88f54a247c655a5e45c522d8c88c77f7815dbb	c0e4bd4887ff071a15fdc02939c41cc20fcf578e	2026-08-23T09:24:09+00:00	7245
rat-O0	3dc5a002ec1b36f8a34a80f51b963e2ab5b2c591	c0e4bd4887ff071a15fdc02939c41cc20fcf578e	2026-08-23T09:25:04+00:00	7592
rat-O1	3dc5a002ec1b36f8a34a80f51b963e2ab5b2c591	c0e4bd4887ff071a15fdc02939c41cc20fcf578e	2026-08-23T09:25:48+00:00	7230
rat-O0	34fc58aead5767bae0ecfd3b83cdd0c224e65902	c0e4bd4887ff071a15fdc02939c41cc20fcf578e	2026-08-23T09:26:43+00:00	7613
rat-O1	34fc58aead5767bae0ecfd3b83cdd0c224e65902	c0e4bd4887ff071a15fdc02939c41cc20fcf578e	2026-08-23T09:27:27+00:00	7282
rat-O0	3051ed2db7415c2d863cad2b05ad82f6417d32a8	c0e4bd4887ff071a15fdc02939c41cc20fcf578e	2026-08-23T09:28:22+00:00	7602
rat-O1	3051ed2db7415c2d863cad2b05ad82f6417d32a8	c0e4bd4887ff071a15fdc02939c41cc20fcf578e	2026-08-23T09:29:32+00:00	11670
rat-O0	1507a1d61ce3bb33bd6d6b8c3d85651db8e20cda	c0e4bd4887ff071a15fdc02939c41cc20fcf578e	2026-08-23T09:30:27+00:00	7629
rat-O1	1507a1d61ce3bb33bd6d6b8c3d85651db8e20cda	c0e4bd4887ff071a15fdc02939c41cc20fcf578e	2026-08-23T09:31:37+00:00	11691
rat-O0	eae7cc8a98537c81ac48468f3d38400827b58fc6	c0e4bd4887ff071a15fdc02939c41cc20fcf578e	2026-08-23T09:32:33+00:00	7660
rat-O1	eae7cc8a98537c81ac48468f3d38400827b58fc6	c0e4bd4887ff071a15fdc02939c41cc20fcf578e	2026-08-23T09:33:43+00:00	11693
rat-O0	9a9927ac51b3bb2891be3f1fbe20c48ee67927ae	c0e4bd4887ff071a15fdc02939c41cc20fcf578e	2026-08-23T09:34:38+00:00	7592
rat-O1	9a9927ac51b3bb2891be3f1fbe20c48ee67927ae	c0e4bd4887ff071a15fdc02939c41cc20fcf578e	2026-08-23T09:35:49+00:00	11737
rat-O0	e8a9382dbbf6e8b2e7b7c881e7d80e9217118ae4	c0e4bd4887ff071a15fdc02939c41cc20fcf578e	2026-08-23T09:36:44+00:00	7642
rat-O1	e8a9382dbbf6e8b2e7b7c881e7d80e9217118ae4	c0e4bd4887ff071a15fdc02939c41cc20fcf578e	2026-08-23T09:37:55+00:00	11922
rat-O0	b0a018b96a7919541490c2efc3d0911f1ec95ffe	c0e4bd4887ff071a15fdc02939c41cc20fcf578e	2026-08-23T09:38:51+00:00	7626
rat-O1	b0a018b96a7919541490c2efc3d0911f1ec95ffe	c0e4bd4887ff071a15fdc02939c41cc20fcf578e	2026-08-23T09:40:01+00:00	11719
rat-O0	acc3917660348e1b83787bb7861f33b7c6a9ab62	c0e4bd4887ff071a15fdc02939c41cc20fcf578e	2026-08-23T09:40:56+00:00	7632
rat-O1	acc3917660348e1b83787bb7861f33b7c6a9ab62	c0e4bd4887ff071a15fdc02939c41cc20fcf578e	2026-08-23T09:42:06+00:00	11626
rat-O0	55ae8151b30382e775c3cb73e511525307d83ec3	c0e4bd4887ff071a15fdc02939c41cc20fcf578e	2026-08-23T09:43:01+00:00	7603
rat-O1	55ae8151b30382e775c3cb73e511525307d83ec3	c0e4bd4887ff071a15fdc02939c41cc20fcf578e	2026-08-23T09:44:12+00:00	11701
rat-O0	421fe5a46958180da6853501ebfadd9662a31de0	c0e4bd4887ff071a15fdc02939c41cc20fcf578e	2026-08-23T09:45:07+00:00	7604
rat-O1	421fe5a46958180da6853501ebfadd9662a31de0	c0e4bd4887ff071a15fdc02939c41cc20fcf578e	2026-08-23T09:46:17+00:00	11757
rat-O0	51a7ab9f14c0f78b8ce380d05798e6116997fcad	c0e4bd4887ff071a15fdc02939c41cc20fcf578e	2026-08-23T09:47:13+00:00	7610
rat-O1	51a7ab9f14c0f78b8ce380d05798e6116997fcad	c0e4bd4887ff071a15fdc02939c41cc20fcf578e	2026-08-23T09:48:23+00:00	11701
rat-O0	a719cb4d616dfa44a91d1c237c9084bba119e55f	c0e4bd4887ff071a15fdc02939c41cc20fcf578e	2026-08-23T09:49:18+00:00	7633
rat-O1	a719cb4d616dfa44a91d1c237c9084bba119e55f	c0e4bd4887ff071a15fdc02939c41cc20fcf578e	2026-08-23T09:50:29+00:00	11761
rat-O0	8c9996f2a54214d9079641054883a4f51aa8c451	c0e4bd4887ff071a15fdc02939c41cc20fcf578e	2026-08-23T09:51:25+00:00	7642
rat-O1	8c9996f2a54214d9079641054883a4f51aa8c451	c0e4bd4887ff071a15fdc02939c41cc20fcf578e	2026-08-23T09:52:35+00:00	11742
rat-O0	ce9eae499265a9e5ab9f98e371b63889b8813d2c	c0e4bd4887ff071a15fdc02939c41cc20fcf578e	2026-08-23T09:53:31+00:00	7609
rat-O1	ce9eae499265a9e5ab9f98e371b63889b8813d2c	c0e4bd4887ff071a15fdc02939c41cc20fcf578e	2026-08-23T09:54:41+00:00	11733
rat-O0	71dd1488702461aa6eab698dfc06c899725fc120	c0e4bd4887ff071a15fdc02939c41cc20fcf578e	2026-08-23T09:55:37+00:00	7654
rat-O1	71dd1488702461aa6eab698dfc06c899725fc120	c0e4bd4887ff071a15fdc02939c41cc20fcf578e	2026-08-23T09:56:47+00:00	11720
rat-O0	56b70c092650762abafd36a0635e2c6571067f35	c0e4bd4887ff071a15fdc02939c41cc20fcf578e	2026-08-23T09:57:43+00:00	7650
rat-O1	56b70c092650762abafd36a0635e2c6571067f35	c0e4bd4887ff071a15fdc02939c41cc20fcf578e	2026-08-23T09:58:53+00:00	11781
rat-O0	7792109f3d8c3e3b27e175bc4399a42bf89bd62f	c0e4bd4887ff071a15fdc02939c41cc20fcf578e	2026-08-23T09:59:49+00:00	7603
rat-O1	7792109f3d8c3e3b27e175bc4399a42bf89bd62f	c0e4bd4887ff071a15fdc02939c41cc20fcf578e	2026-08-23T10:00:59+00:00	11744
rat-O0	77034ffcb85c8c69712fd808965ee098e418ac04	c0e4bd4887ff071a15fdc02939c41cc20fcf578e	2026-08-23T10:01:55+00:00	7628
rat-O1	77034ffcb85c8c69712fd808965ee098e418ac04	c0e4bd4887ff071a15fdc02939c41cc20fcf578e	2026-08-23T10:03:05+00:00	11739
rat-O0	c5b4bd4edd4a3bdcfc8b9b3fed4d420e5e8c7d81	c0e4bd4887ff071a15fdc02939c41cc20fcf578e	2026-08-23T10:04:01+00:00	7627
rat-O1	c5b4bd4edd4a3bdcfc8b9b3fed4d420e5e8c7d81	c0e4bd4887ff071a15fdc02939c41cc20fcf578e	2026-08-23T10:05:12+00:00	11784
rat-O0	4c91f785ee564a1517743e5845785f928585715e	c0e4bd4887ff071a15fdc02939c41cc20fcf578e	2026-08-23T10:06:07+00:00	7651
rat-O1	4c91f785ee564a1517743e5845785f928585715e	c0e4bd4887ff071a15fdc02939c41cc20fcf578e	2026-08-23T10:07:18+00:00	11816
rat-O0	87b6a3c8f83adb2ad08101537fdfcddb3fd2e01c	c0e4bd4887ff071a15fdc02939c41cc20fcf578e	2026-08-23T10:08:14+00:00	7612
rat-O1	87b6a3c8f83adb2ad08101537fdfcddb3fd2e01c	c0e4bd4887ff071a15fdc02939c41cc20fcf578e	2026-08-23T10:09:24+00:00	11723
rat-O0	0f40c28549ba3a86c1f1887a3a09359f8309f691	c0e4bd4887ff071a15fdc02939c41cc20fcf578e	2026-08-23T10:10:20+00:00	7636
rat-O1	0f40c28549ba3a86c1f1887a3a09359f8309f691	c0e4bd4887ff071a15fdc02939c41cc20fcf578e	2026-08-23T10:11:30+00:00	11746
rat-O0	071403aa45fe1a7748bc261847d7042ac16e6b4d	c0e4bd4887ff071a15fdc02939c41cc20fcf578e	2026-08-23T10:12:26+00:00	7647
rat-O1	071403aa45fe1a7748bc261847d7042ac16e6b4d	c0e4bd4887ff071a15fdc02939c41cc20fcf578e	2026-08-23T10:13:43+00:00	12706
rat-O0	f8d0021dc34cbefba9bd030614af56b8f0f789ff	c0e4bd4887ff071a15fdc02939c41cc20fcf578e	2026-08-23T10:14:38+00:00	7647
rat-O1	f8d0021dc34cbefba9bd030614af56b8f0f789ff	c0e4bd4887ff071a15fdc02939c41cc20fcf578e	2026-08-23T10:15:55+00:00	12778
rat-O0	a467c35ea572e472ae5bc3423849e3926d31d235	c0e4bd4887ff071a15fdc02939c41cc20fcf578e	2026-08-23T10:16:50+00:00	7623
rat-O1	a467c35ea572e472ae5bc3423849e3926d31d235	c0e4bd4887ff071a15fdc02939c41cc20fcf578e	2026-08-23T10:18:07+00:00	12801
rat-O0	8de0dbf553714eea405d222f3415826195b892f2	c0e4bd4887ff071a15fdc02939c41cc20fcf578e	2026-08-23T10:19:03+00:00	7628
rat-O1	8de0dbf553714eea405d222f3415826195b892f2	c0e4bd4887ff071a15fdc02939c41cc20fcf578e	2026-08-23T10:20:19+00:00	12734
rat-O0	351cda33f0b5d1f9f7ea03ab843fc819cde9849b	c0e4bd4887ff071a15fdc02939c41cc20fcf578e	2026-08-23T10:21:15+00:00	7644
rat-O1	351cda33f0b5d1f9f7ea03ab843fc819cde9849b	c0e4bd4887ff071a15fdc02939c41cc20fcf578e	2026-08-23T10:22:31+00:00	12748
rat-O0	2f6cb9bb69d62eaf40a7a7d2a096ad79afcd79b1	c0e4bd4887ff071a15fdc02939c41cc20fcf578e	2026-08-23T10:23:27+00:00	7622
rat-O1	2f6cb9bb69d62eaf40a7a7d2a096ad79afcd79b1	c0e4bd4887ff071a15fdc02939c41cc20fcf578e	2026-08-23T10:24:43+00:00	12713
rat-O0	c049cdd357226fc4570186b2decf9f072db4683c	c0e4bd4887ff071a15fdc02939c41cc20fcf578e	2026-08-23T10:25:39+00:00	7667
rat-O1	c049cdd357226fc4570186b2decf9f072db4683c	c0e4bd4887ff071a15fdc02939c41cc20fcf578e	2026-08-23T10:26:55+00:00	12701
rat-O0	690c39a6260d6ded99d3006a2a866839a454f9d6	c0e4bd4887ff071a15fdc02939c41cc20fcf578e	2026-08-23T10:27:51+00:00	7642
rat-O1	690c39a6260d6ded99d3006a2a866839a454f9d6	c0e4bd4887ff071a15fdc02939c41cc20fcf578e	2026-08-23T10:29:07+00:00	12712
rat-O0	d97bfb4cbe8fdf420f0396e970d3c3520d01696e	c0e4bd4887ff071a15fdc02939c41cc20fcf578e	2026-08-23T10:30:03+00:00	7620
rat-O1	d97bfb4cbe8fdf420f0396e970d3c3520d01696e	c0e4bd4887ff071a15fdc02939c41cc20fcf578e	2026-08-23T10:31:20+00:00	12758
rat-O0	bc34c8cf7dddea0107a1b82b3c94f223764d462b	c0e4bd4887ff071a15fdc02939c41cc20fcf578e	2026-08-23T10:32:16+00:00	7672
rat-O1	bc34c8cf7dddea0107a1b82b3c94f223764d462b	c0e4bd4887ff071a15fdc02939c41cc20fcf578e	2026-08-23T10:33:32+00:00	12786
rat-O0	75888719ffed21951e221858d746a267e1b520f7	c0e4bd4887ff071a15fdc02939c41cc20fcf578e	2026-08-23T10:34:28+00:00	7641
rat-O1	75888719ffed21951e221858d746a267e1b520f7	c0e4bd4887ff071a15fdc02939c41cc20fcf578e	2026-08-23T10:35:45+00:00	12737
rat-O0	0cf1fa34aabcf7411f82d7164d205cef923a8467	c0e4bd4887ff071a15fdc02939c41cc20fcf578e	2026-08-23T10:36:40+00:00	7645
rat-O1	0cf1fa34aabcf7411f82d7164d205cef923a8467	c0e4bd4887ff071a15fdc02939c41cc20fcf578e	2026-08-23T10:37:57+00:00	12731
rat-O0	fcefbfd05df53f8317a61df747bd57087a5dac68	c0e4bd4887ff071a15fdc02939c41cc20fcf578e	2026-08-23T10:38:53+00:00	7659
rat-O1	fcefbfd05df53f8317a61df747bd57087a5dac68	c0e4bd4887ff071a15fdc02939c41cc20fcf578e	2026-08-23T10:40:09+00:00	12702
rat-O0	c8d0fcb3090e87669be792832036ad5179e96731	c0e4bd4887ff071a15fdc02939c41cc20fcf578e	2026-08-23T10:41:05+00:00	7673
rat-O1	c8d0fcb3090e87669be792832036ad5179e96731	c0e4bd4887ff071a15fdc02939c41cc20fcf578e	2026-08-23T10:42:22+00:00	12824
rat-O0	2e1bb4d087c7e5310ea64e5010d6c1c674bc6ff3	c0e4bd4887ff071a15fdc02939c41cc20fcf578e	2026-08-23T10:43:18+00:00	7667
rat-O1	2e1bb4d087c7e5310ea64e5010d6c1c674bc6ff3	c0e4bd4887ff071a15fdc02939c41cc20fcf578e	2026-08-23T10:44:35+00:00	12759
rat-O0	924316aaa731d26d21ff528b867602065bbe2618	c0e4bd4887ff071a15fdc02939c41cc20fcf578e	2026-08-23T10:45:31+00:00	7651
rat-O1	924316aaa731d26d21ff528b867602065bbe2618	c0e4bd4887ff071a15fdc02939c41cc20fcf578e	2026-08-23T10:46:48+00:00	12842
rat-O0	89434c2c632a25dfa28ab7614529d01b9f85c00f	c0e4bd4887ff071a15fdc02939c41cc20fcf578e	2026-08-23T10:47:44+00:00	7641
rat-O1	89434c2c632a25dfa28ab7614529d01b9f85c00f	c0e4bd4887ff071a15fdc02939c41cc20fcf578e	2026-08-23T10:49:01+00:00	12844
rat-O0	b905c9e4db017fac5831ff68dc4d40221cada9af	c0e4bd4887ff071a15fdc02939c41cc20fcf578e	2026-08-23T10:49:57+00:00	7659
rat-O1	b905c9e4db017fac5831ff68dc4d40221cada9af	c0e4bd4887ff071a15fdc02939c41cc20fcf578e	2026-08-23T10:51:14+00:00	12873
rat-O0	b8e1eeaca3bbab3dcc76e21fc3e27383bdf4003c	c0e4bd4887ff071a15fdc02939c41cc20fcf578e	2026-08-23T10:52:10+00:00	7663
rat-O1	b8e1eeaca3bbab3dcc76e21fc3e27383bdf4003c	c0e4bd4887ff071a15fdc02939c41cc20fcf578e	2026-08-23T10:53:27+00:00	12899
rat-O0	98ab5aaf9c8dd430eaa2bb679313900db8c3ff51	c0e4bd4887ff071a15fdc02939c41cc20fcf578e	2026-08-23T10:54:23+00:00	7592
rat-O1	98ab5aaf9c8dd430eaa2bb679313900db8c3ff51	c0e4bd4887ff071a15fdc02939c41cc20fcf578e	2026-08-23T10:55:32+00:00	11430
rat-O0	4f864f756f4cfe96e68b84f761ffe594d2f3f2bf	c0e4bd4887ff071a15fdc02939c41cc20fcf578e	2026-08-23T10:56:27+00:00	7528
rat-O1	4f864f756f4cfe96e68b84f761ffe594d2f3f2bf	c0e4bd4887ff071a15fdc02939c41cc20fcf578e	2026-08-23T10:57:35+00:00	11405
rat-O0	edac891ebc904ccbcd1dd0f562240f2d2f8a416e	c0e4bd4887ff071a15fdc02939c41cc20fcf578e	2026-08-23T10:58:31+00:00	7516
rat-O1	edac891ebc904ccbcd1dd0f562240f2d2f8a416e	c0e4bd4887ff071a15fdc02939c41cc20fcf578e	2026-08-23T10:59:40+00:00	11453
rat-O0	e71efd91c1365891bf788013ab27a89e9091d422	c0e4bd4887ff071a15fdc02939c41cc20fcf578e	2026-08-23T11:00:35+00:00	7557
rat-O1	e71efd91c1365891bf788013ab27a89e9091d422	c0e4bd4887ff071a15fdc02939c41cc20fcf578e	2026-08-23T11:01:43+00:00	11405
rat-O0	7adff780bdbf2f596eecfd37fc349e062309dab3	c0e4bd4887ff071a15fdc02939c41cc20fcf578e	2026-08-23T11:02:05+00:00	1898
rat-O1	7adff780bdbf2f596eecfd37fc349e062309dab3	c0e4bd4887ff071a15fdc02939c41cc20fcf578e	2026-08-23T11:02:19+00:00	2376
rat-O0	fc18d01f867214f2ced924b71455e14d19161575	c0e4bd4887ff071a15fdc02939c41cc20fcf578e	2026-08-23T11:02:49+00:00	1898
rat-O1	fc18d01f867214f2ced924b71455e14d19161575	c0e4bd4887ff071a15fdc02939c41cc20fcf578e	2026-08-23T11:03:04+00:00	2389
rat-O0	90549bcbddf6fb4c2845f49b78cd6e05a1d13940	c0e4bd4887ff071a15fdc02939c41cc20fcf578e	2026-08-23T12:47:52+00:00	1905
rat-O1	90549bcbddf6fb4c2845f49b78cd6e05a1d13940	c0e4bd4887ff071a15fdc02939c41cc20fcf578e	2026-08-23T12:48:07+00:00	2395
